,precision,recall,f1-score,support
0,1.0,0.9989795918367347,0.9994895354772844,980.0
1,0.9991197183098591,1.0,0.9995596653456627,1135.0
accuracy,0.9995271867612293,0.9995271867612293,0.9995271867612293,0.9995271867612293
macro avg,0.9995598591549295,0.9994897959183673,0.9995246004114735,2115.0
weighted avg,0.9995276029700663,0.9995271867612293,0.9995271701820642,2115.0
