{
  "experiment_id": "mnist_5_vs_6",
  "task": "binary_classification",
  "classes": [
    "5",
    "6"
  ],
  "positive_class": "6",
  "train_samples": 9071,
  "validation_samples": 2268,
  "test_samples": 1850,
  "epochs_or_iterations_completed": 25,
  "best_epoch_or_iteration": 25,
  "parameters": 785,
  "training_seconds": 3.419500500021968,
  "selected_learning_rate": 0.1,
  "best_validation_accuracy": 0.9775132275132276,
  "test_accuracy": 0.98,
  "test_precision": 0.9772020725388602,
  "test_recall": 0.9843423799582464,
  "test_f1": 0.9807592303692148,
  "test_macro_precision": 0.9801264599982437,
  "test_macro_recall": 0.9798393514141008,
  "test_macro_f1": 0.9799688104575393,
  "test_balanced_accuracy": 0.9798393514141008,
  "test_specificity": 0.9753363228699552,
  "true_negatives": 870,
  "false_positives": 22,
  "false_negatives": 15,
  "true_positives": 943
}