{
  "experiment_id": "mnist_cnn_improved",
  "task": "multiclass_classification",
  "classes": [
    "0",
    "1",
    "2",
    "3",
    "4",
    "5",
    "6",
    "7",
    "8",
    "9"
  ],
  "train_samples": 51000,
  "validation_samples": 9000,
  "test_samples": 10000,
  "epochs_or_iterations_completed": 14,
  "best_epoch_or_iteration": 10,
  "parameters": 468458,
  "training_seconds": 1387.564020699996,
  "best_validation_accuracy": 0.9938888888888889,
  "test_accuracy": 0.996,
  "test_precision": 0.9960689714312562,
  "test_recall": 0.9959514655011013,
  "test_f1": 0.9960085312703036,
  "test_macro_precision": 0.9960689714312562,
  "test_macro_recall": 0.9959514655011013,
  "test_macro_f1": 0.9960085312703036,
  "test_balanced_accuracy": 0.9959514655011013,
  "test_specificity": null
}